{"cameraMode":{"drawMode":0,"name":"Shaded","section":"Shading Mode"},"sceneLighting":true,"audioPlay":false,"sceneViewState":{"showFog":true,"showMaterialUpdate":false,"showSkybox":true,"showFlares":true,"showImageEffects":true,"showParticleSystems":true},"in2DMode":false,"pivot":{"x":20.923410415649415,"y":7.593369483947754,"z":16.11649513244629},"rotation":{"x":0.41351407766342165,"y":-0.004098535981029272,"z":0.0018687121337279678,"w":0.9104984402656555},"size":5.660040855407715,"orthographic":false}