{"cameraMode":{"drawMode":0,"name":"Shaded","section":"Shading Mode"},"sceneLighting":false,"audioPlay":false,"sceneViewState":{"showFog":true,"showMaterialUpdate":false,"showSkybox":false,"showFlares":true,"showImageEffects":true,"showParticleSystems":true},"in2DMode":false,"pivot":{"x":90.55113220214844,"y":-21.57356834411621,"z":27.198009490966798},"rotation":{"x":-0.09154155105352402,"y":-0.6628448963165283,"z":0.08215084671974182,"w":-0.7385880947113037},"size":105.16404724121094,"orthographic":false}