{"cameraMode":{"drawMode":0,"name":"Shaded","section":"Shading Mode"},"sceneLighting":true,"audioPlay":false,"sceneViewState":{"showFog":true,"showMaterialUpdate":false,"showSkybox":true,"showFlares":true,"showImageEffects":true,"showParticleSystems":true},"in2DMode":false,"pivot":{"x":18.283430099487306,"y":-14.484102249145508,"z":28.769187927246095},"rotation":{"x":0.27415284514427187,"y":0.02595675364136696,"z":-0.007405116688460112,"w":0.9613163471221924},"size":70.00357055664063,"orthographic":false}