{"cameraMode":{"drawMode":0,"name":"Shaded","section":"Shading Mode"},"sceneLighting":false,"audioPlay":false,"sceneViewState":{"showFog":true,"showMaterialUpdate":false,"showSkybox":false,"showFlares":true,"showImageEffects":true,"showParticleSystems":true},"in2DMode":false,"pivot":{"x":-0.1208907961845398,"y":2.8409616947174074,"z":0.46163368225097659},"rotation":{"x":-0.09164199978113175,"y":0.028970731422305108,"z":-0.0026672896929085256,"w":-0.9953679442405701},"size":11.783357620239258,"orthographic":false}