{"cameraMode":{"drawMode":0,"name":"Shaded","section":"Shading Mode"},"sceneLighting":true,"audioPlay":false,"sceneViewState":{"showFog":true,"showMaterialUpdate":false,"showSkybox":true,"showFlares":true,"showImageEffects":true,"showParticleSystems":true},"in2DMode":false,"pivot":{"x":-0.3924771249294281,"y":1.5805963277816773,"z":-2.518983840942383},"rotation":{"x":0.15509970486164094,"y":0.15928532183170319,"z":-0.025347189977765085,"w":0.9746534824371338},"size":4.041658401489258,"orthographic":false}