{"cameraMode":{"drawMode":0,"name":"Shaded","section":"Shading Mode"},"sceneLighting":true,"audioPlay":false,"sceneViewState":{"showFog":true,"showMaterialUpdate":false,"showSkybox":true,"showFlares":true,"showImageEffects":true,"showParticleSystems":true},"in2DMode":false,"pivot":{"x":39.02381134033203,"y":1.7713345289230347,"z":62.89238357543945},"rotation":{"x":-0.2438078671693802,"y":-0.012206834740936757,"z":0.003070243401452899,"w":-0.9697452783584595},"size":1.3065634965896607,"orthographic":false}