{"cameraMode":{"drawMode":0,"name":"Shaded","section":"Shading Mode"},"sceneLighting":false,"audioPlay":false,"sceneViewState":{"showFog":true,"showMaterialUpdate":false,"showSkybox":false,"showFlares":true,"showImageEffects":true,"showParticleSystems":true},"in2DMode":false,"pivot":{"x":0.23818784952163697,"y":-0.40097326040267947,"z":1.4858437776565552},"rotation":{"x":0.22231534123420716,"y":0.09633555263280869,"z":-0.022078674286603929,"w":0.9699583649635315},"size":2.1213202476501467,"orthographic":false}