{"cameraMode":{"drawMode":0,"name":"Shaded","section":"Shading Mode"},"sceneLighting":false,"audioPlay":false,"sceneViewState":{"showFog":true,"showMaterialUpdate":false,"showSkybox":false,"showFlares":true,"showImageEffects":true,"showParticleSystems":true},"in2DMode":false,"pivot":{"x":20.852155685424806,"y":1.2854208946228028,"z":19.972518920898439},"rotation":{"x":0.3072082996368408,"y":0.017123932018876077,"z":-0.00552917318418622,"w":0.9514732360839844},"size":0.6123724579811096,"orthographic":false}