{"cameraMode":{"drawMode":0,"name":"Shaded","section":"Shading Mode"},"sceneLighting":false,"audioPlay":false,"sceneViewState":{"showFog":true,"showMaterialUpdate":false,"showSkybox":false,"showFlares":true,"showImageEffects":true,"showParticleSystems":true},"in2DMode":false,"pivot":{"x":0.04117530956864357,"y":0.6072291135787964,"z":-0.8592221736907959},"rotation":{"x":0.19108423590660096,"y":-0.020615888759493829,"z":0.004013905767351389,"w":0.9813501834869385},"size":1.2500001192092896,"orthographic":false}